{"player":{"sx":0,"sy":0,"cols":1,"tilew":30,"tileh":30,"frames":1},
"enemy":{"sx":0,"sy":30,"cols":1,"tilew":30,"tileh":24,"frames":1},
"tower":{"sx":0,"sy":54,"cols":1,"tilew":30,"tileh":30,"frames":1},
"fire":{"sx":0,"sy":84,"cols":1,"tilew":30,"tileh":30,"frames":1},
"water":{"sx":0,"sy":114,"cols":1,"tilew":30,"tileh":30,"frames":1},
"earth":{"sx":0,"sy":144,"cols":1,"tilew":30,"tileh":30,"frames":1},
"wind":{"sx":0,"sy":174,"cols":1,"tilew":30,"tileh":30,"frames":1},
"clear":{"sx":0,"sy":204,"cols":1,"tilew":30,"tileh":30,"frames":1}}